id,Labels,Num_of_Files,Relationship between files,Content,Remark,Source
2968376,Code;Test;Class,1,Single,Experimental,,his own repo
5393190,Code;Template,1,Single,Experimental,,
1259689,Note;Diff,1,Single,Notes,diff file,
6173950,Note;Log,1,Single,Log,error info,
1229073,Code,1,Single,Experimental,,
2511876,Code;Template,2,Reference,Experimental,code template,
1184335,Code;Command,1,Single,Experimental,Record commands,
7412452,Code,1,Single,Experimental,,
1025697,Note,1,Single,Notes,diary/report,
7065474,Code,1,Single,Experimental,,
4017847,Code,1,Single,Experimental,,
1512408,Code,1,Single,Experimental,,
4953323,Code,1,Single,Experimental,,
1495695,Code,1,Single,Experimental,,
2321419,Note;Documentation,1,Single,Notes,technical notes,
6166904,Code;Function,1,Single,Experimental,,
3658698,Code;Class,1,Single,Experimental,,
10104131,Code;Function,1,Single,Experimental,,
6516,Code;Test,2,Test,Experimental,,
348408,Note;Data,1,Single,Notes,data table,
3148312,Code,1,Single,Experimental,,
8015776,Code,1,Single,Experimental,,
811693,Note;Log,1,Single,Notes,building notes,
5239916,Note;Configuration,1,Single,Notes,configuration file,
6258909,Code;Test,3,Siblings,Experimental,compare different methods,
300095,Code;Class,1,Single,Experimental,,
5281648,Code,1,Single,Experimental,,
9511340,Code,1,Single,Experimental,,
6659868,Code;Diff,1,Single,Log,diff file,
6319102,Code;Function,1,Single,Experimental,,
8392841,Code,2,Attachment,Experimental,,
2029907,Code,1,Single,Experimental,,
8159324,Code;Diff,1,Single,Log,diff file,
2317582,Code,1,Single,Experimental,,
2923071,Note,1,Single,Notes,japanese,
4413202,Note,2,Siblings,Notes,,
288062,Note;Non-technical,1,Single,Non-technical,Letter,
359646,Code,1,Single,Experimental,,
2603011,Code;Template,1,Single,Experimental,,
5429097,Code;Fragment,1,Single,Experimental,header,
2969353,Code;Test;Function,1,Single,Experimental,,
2307378,Code,1,Single,Experimental,,
4125390,Code,1,Single,Experimental,,
5203894,Code;Class,1,Single,Experimental,,
9611805,Code,1,Single,Experimental,,
4984875,Code;Fragment,1,Single,Experimental,,Other site
9121624,Code;Template;Function,1,Single,Experimental,template,
2704388,Note;Log,1,Single,Log,error info,
9354592,Note;Log,1,Single,Log,error info,
5326568,Code;Function,1,Single,Experimental,,
5761657,Code;Function,1,Single,Experimental,,
9462857,Note;Configuration,3,Siblings,Notes,configuration file,
4035427,Note;Data,1,Single,Notes,,
16cbd46a8dc38188f26f,Code;Template,2,Reference,Experimental,template,
2027301,Code,1,Single,Experimental,,
4500183,Code,1,Single,Experimental,,
923123,Note;Diff,1,Single,Notes,diff file,
6322930,Code,1,Single,Experimental,,
2875890,Code,1,Single,Experimental,,
6083599,Code,1,Single,Experimental,,
2053729,Code;Command,1,Single,Experimental,,
121250,Code,1,Single,Experimental,,
4758754,Code;Test,1,Single,Experimental,,
1374754,Code;Function,1,Single,Experimental,,
1059778,Code,1,Single,Experimental,,
5661408,Note;Data,1,Single,Notes,,
761851,Code,1,Single,Experimental,,other's commit
1321244,Code,1,Single,Experimental,,
1085182,Code,2,Reference,Experimental,,
8885785,Note;Log,1,Single,Notes,,
6fd63d03ebb3e7013008,Note;Configuration,1,Single,Log,,
3081835,Code,1,Single,Experimental,,
3145761,Code;Data,1,Single,Experimental,,
9718072,Code;Diff,1,Single,Log,diff file,
4601323,Code;Log,2,Generation,Experimental,,
1456037,Note;Configuration,1,Single,Notes,configuration file,
5443911,Code,1,Single,Experimental,,
4276592,Code;Fragment,1,Single,Experimental,,
10135411,Code,1,Single,Experimental,,
6082995,Code;Class,1,Single,Experimental,,
7091798,Code;Function,1,Single,Experimental,,
1950453,Code,1,Single,Experimental,,
6958342,Code;Function,1,Single,Experimental,,
711879,Code,1,Single,Experimental,,
9209455,Note;Configuration,1,Single,Notes,configuration file,
1177595,Code;Command,1,Single,Experimental,,
9906317,Code,1,Single,Notes,bug,
349839,Code;Log,2,Generation,Log,,
779899,Code,1,Single,Experimental,,
28033,Code;Note;Configuration,3,Attachment,Experimental,,
1206672,Code,1,Single,Experimental,,
1008549,Code,1,Single,Experimental,,
6142891,Code;Log,2,Generation,Experimental,,
3224526,Code,1,Single,Experimental,,
3069318,Code;Class,1,Single,Experimental,,
5438816,Code,1,Single,Experimental,,
2942661,Code,1,Single,Experimental,,
7893820,Code;Note;Diff,1,Single,Log,diff file,
5073100,Code;Template,1,Single,Experimental,,
6007430,Code;Command,1,Single,Experimental,,
1584073,Code,9,Siblings,Experimental,compare different methods,
6432307,Code,1,Single,Experimental,,
4147348,Code;Function,1,Single,Experimental,,
6462607,Code,1,Single,Experimental,,
5821431,Note;Documentation,1,Single,Notes,,
3813389,Code,1,Single,Experimental,,
6284515,Code;Test;Function,1,Single,Experimental,,
1052411,Code,1,Single,Experimental,,
3780358,Code,1,Single,Experimental,code sample,
5806454,Code;Test,2,Generation,Experimental,code template,
9134460,Code,1,Single,Experimental,template,
5109215,Code;Class,1,Single,Experimental,,
5779614,Code;Fragment,1,Single,Experimental,,
5096996,Note;Log,1,Single,Experimental,,
5779614,Code;Fragment,1,Single,Experimental,,
7926288,Code;Command,1,Single,Experimental,,
27457,Code;Function,1,Single,Experimental,,
997173,Code,1,Single,Experimental,,
284089,Note;Template,1,Single,Experimental,,
2920096,Code;Function,1,Single,Experimental,compare different methods,
119416,Code;Note,1,Single,Experimental,,
960146,Code,1,Single,Experimental,code sample,
1642436,Code,1,Single,Experimental,,
6320883,Code,1,Single,Experimental,,
1372914,Code,2,Reference,Experimental,,
889299,Code;Class,1,Single,Experimental,Code modification,
1552248,Code,1,Single,Experimental,,
1301938,Code;Function,1,Single,Experimental,,
4023570,Code;Function,1,Single,Experimental,,
1083014,Code;Class,1,Single,Experimental,,
4128718,Code;Command,1,Single,Experimental,,
6438485,Note;Blog,1,Single,Blog,markdown,
2870275,Code,1,Single,Experimental,,
2957847,Code,1,Single,Experimental,modification of original code,
7673875,Code;Class,1,Single,Experimental,,
1078316,Code,1,Single,Experimental,,
235268,Note;Data,1,Single,Experimental,,
4567338,Code;Function,1,Single,Experimental,,
2290195,Code,1,Single,Experimental,,
1410814,Code;Class,1,Single,Experimental,,
9518800,Code;Note;Log,2,Generation,Experimental,,
7724146,Code,1,Single,Experimental,bug issue,
5729747,Code;Class,1,Single,Experimental,,
98604,Code,1,Single,Experimental,,
3994887,Code,1,Single,Experimental,,
8738373,Note;Blog,1,Single,Blog,,
1199470,Code;Template,2,Reference,Experimental,,
6179821,Code;Note;Log,2,Generation,Experimental,bug info,
5593409,Code;Function,1,Single,Experimental,,
7027547,Code;Function,1,Single,Experimental,,
5030593,Code,4,Reference,Experimental,,
1386833,Code;Note,1,Single,Experimental,,
5232748,Code;Function,1,Single,Experimental,,
5388918,Code;Note,1,Single,Notes,,
961540,Note;Data,1,Single,Experimental,,
7882167,Code,1,Single,Experimental,,
1134495,Note;Log,1,Single,Log,,
4568318,Code;Note,1,Single,Experimental,,
9597159,Code;Function,1,Single,Experimental,,
5063027,Code;Function,1,Single,Notes,,
2027320,Code;Function,1,Single,Experimental,,
8643150,Code,1,Single,Experimental,,
4198920,Code,1,Single,Experimental,,
93769,Code,1,Single,Experimental,,
2167260,Code,1,Single,Experimental,,
1493605,Code;Fragment,1,Single,Experimental,,
4552974,Note;Configuration,1,Single,Experimental,,
3785113,Code,1,Single,Experimental,,
3994915,Code,1,Single,Experimental,,
2938112,Code;Template,1,Single,Experimental,,
4112356,Empty,1,Single,Empty,,
654472,Code,1,Single,Experimental,,
4112356,Code,1,Single,Empty,,
5769040,Note,1,Single,Notes,,
fb2f3eb9ba27f86c1087,Code;Class,1,Single,Experimental,,
6544738,Code;Function,1,Single,Experimental,,
1190729,Code;Class,1,Single,Experimental,,
3690407,Code,1,Single,Experimental,,
2150310,Code,3,Reference,Experimental,,
f862db2d29329db67e7c,Code;Command;Log,3,Generation,Experimental,,
9378424,Note;Log,1,Single,Notes,,
5861727,Code,1,Single,Notes,,
4504271,Code,1,Single,Experimental,,
345533,Code;Command,1,Single,Experimental,,
1132694,Code,1,Single,Experimental,,
6259251,Code,1,Single,Experimental,,
2915909,Note;Data,1,Single,Experimental,,
3120632,Code;Command,1,Single,Experimental,,
375629,Note;Data,1,Single,Notes,,
674892,Code;Function,1,Single,Experimental,,
2228398,Code,1,Single,Experimental,,
525366,Code;Class,1,Single,Experimental,,
9215365,Code;Function,1,Single,Experimental,,
3436413,Code;Function,1,Single,Experimental,,
4714661,Code;Class,1,Single,Experimental,,
3318545,Code;Class,1,Single,Experimental,,
1617642,Code;Class,1,Single,Experimental,,
5080213,Code,1,Single,Experimental,,
6151402,Code,1,Single,Experimental,,
6031104,Code;Command,1,Single,Experimental,,
3828887,Code;Function,1,Single,Experimental,,
661328,Code;Test,2,Test,Experimental,,
1074690,Note;Configuration,1,Single,Log,,
10856,Note;Data,1,Single,Notes,,
4028147,Code,1,Single,Experimental,,
2648247,Code,1,Single,Experimental,,
3248853,Code;Function,1,Single,Experimental,,
5094837,Code;Class,1,Single,Experimental,,
5053813,Code;Log,2,Generation,Experimental,,
5802928,Code,1,Single,Experimental,,
1212860,Code;Test,2,Test,Experimental,,
7620549,Code,2,Siblings,Experimental,,
3797827,Code;Note,2,Generation,Experimental,,
7882955,Note,1,Single,Notes,,
8554759,Code,1,Single,Experimental,,
1020781,Note;Non-technical,1,Single,Non-technical,,
3722061,Note;Non-technical,1,Single,Non-technical,,
4942119,Note;Log,1,Single,Log,,
5098578,Code;Note,1,Single,Notes,,
5399325,Code;Template,1,Single,Experimental,,
6110861,Code,1,Single,Experimental,,
3278050,Code,1,Single,Experimental,,
5924849,Code,1,Single,Experimental,,
1050641,Code,1,Single,Experimental,,
6734999,Code,1,Single,Experimental,,
4446527,Code,1,Single,Experimental,,
8504966,Code,1,Single,Experimental,,
2582692,Code,2,Reference,Experimental,,
26723,Code;Fragment,1,Single,Experimental,,
7363999,Code,1,Single,Experimental,,
1087764,Note;Log,1,Single,Log,,
3951201,Note;Code,2,Reference,Blog,,
9363736,Code,1,Single,Experimental,,
590692,Code,1,Single,Experimental,,
2554720,Note;Log,1,Single,Log,,
643398,Code;Test,3,Test,Experimental,,
5263658,Code;Test,2,Test,Experimental,,
2263212,Code;Test,1,Single,Experimental,,
636884,Code,10,Siblings,Experimental,,
6899600,Code,1,Single,Experimental,,
4179947,Code;Class,1,Single,Experimental,,
1229075,Code,2,Siblings,Experimental,,
5076330,Code;Command,1,Single,Experimental,,
6441780,Code;Function,1,Single,Experimental,,
588542,Code;Function,1,Single,Experimental,,
7468097,Code,1,Single,Experimental,,
2660114,Code,1,Single,Experimental,,
6142051,Code;Command;Log,1,Single,Experimental,,
8413230,Note;Data,1,Single,Experimental,,
5883371,Code,1,Single,Experimental,,
1992680,Note;Non-technical,1,Single,Non-technical,,
6826603,Code;Note,2,Attachment,Experimental,,
821533,Code;Log,1,Single,Experimental,,
275556,Code,1,Single,Experimental,,
4028883,Code,1,Single,Experimental,,
6890041,Note;Log,1,Single,Log,,
4164550,Code,1,Single,Experimental,,
6420533,Note;Data,1,Single,Notes,,
5390568,Code;Function,1,Single,Experimental,,
956652,Code,1,Single,Experimental,,
3744170,Note;Command,1,Single,Notes,,
3692870,Code,1,Single,Experimental,,
605821,Code;Fragment,1,Single,Experimental,,
6131675,Code;Function,1,Single,Experimental,,
1492171,Code,2,Generation,Experimental,,
10366085,Note;Blog,1,Single,Blog,,
3179937,Note;Configuration,1,Single,Notes,configuration file,
51785,Code;Class,1,Single,Experimental,,
1953551,Note;Configuration,1,Single,Notes,configuration file,
1054268,Code;Note;Log,2,Generation,Experimental,,
2866461,Code,1,Single,Experimental,,
3498621,Note,1,Single,Notes,,
361944,Code,1,Single,Experimental,,
1340440,Code;Class,1,Single,Experimental,,
923469,Code,1,Single,Experimental,,
66efb24cbce1584f9f19,Note;Data,1,Single,Notes,,
3122727,Code;Fragment,1,Single,Experimental,,
7813138,Code;Class,1,Single,Experimental,,
5658721,Empty,1,Single,Deleted,,
3135751,Note,1,Single,Notes,,
9378131,Code,1,Single,Experimental,,
7357163,Code,1,Single,Experimental,,
3021796,Code;Template,1,Single,Experimental,,
1397972,Code,1,Single,Experimental,,
5161534,Code,1,Single,Experimental,,
8892700,Code,1,Single,Experimental,,
1992720,Note;Code,1,Single,Blog,,
6460010,Note;Log,1,Single,Log,,
1522716,Code,1,Single,Experimental,,
3154525,Code;Diff,1,Single,Experimental,,
3645415,Code,1,Single,Experimental,,
5661352,Code;Class,1,Single,Experimental,,
9638593,Code;Fragment,1,Single,Experimental,,
8773007,Code;Function,1,Single,Experimental,,
773218,Note;Configuration,1,Single,Notes,,
3908091,Code;Fragment,1,Single,Experimental,,
4201261,Code;Command;Fragment,1,Single,Experimental,,
9640867,Code,1,Single,Experimental,,
4592203,Code;Function,1,Single,Experimental,,
4723511,Code,1,Single,Experimental,,
8317549,Code;Command,1,Single,Experimental,,
4702051,Note;Log,1,Single,Experimental,,
663446,Code;Function,1,Single,Experimental,,
6754050,Code;Fragment,1,Single,Notes,,
5929155,Code,2,Reference,Experimental,,
1083640,Code;Template,4,Siblings,Experimental,,
3663788,Code,5,Siblings,Experimental,,
8285013,Code,1,Single,Experimental,,
6472488,Code;Test,1,Single,Experimental,,
4361957,Note;Log,1,Single,Notes,,
5948517,Code,1,Single,Experimental,,
9904500,Code,1,Single,Experimental,,
7666604,Note;Command,1,Single,Notes,configuration file,
1270246,Note;Configuration,1,Single,Experimental,,
6328192,Code,3,Reference,Experimental,,
9612180,Code,1,Single,Experimental,,
6426656,Note;Template,1,Single,Notes,,
2562430,Code;Function,1,Single,Experimental,,
11105858,Code;Class,1,Single,Experimental,,
10151fd7ed5a00ef480c,Note;Blog;Code,1,Single,Blog,,
493546,Note;Data,1,Single,Notes,,
4169669,Note,1,Single,Notes,,
6077009,Note;Code,1,Single,Notes,,
4639061,Code,2,Generation,Experimental,,
735570,Code,1,Single,Experimental,,
298647,Note;Blog,1,Single,Blog,,
7344263,Code;Function,1,Single,Experimental,,
8851287,Code;Function,1,Single,Experimental,,
7eba3d5e22620604597e,Note;Configuration,1,Single,Experimental,,
9678333,Note;Blog,1,Single,Blog,,
477060,Note;Log,1,Single,Experimental,,
5949352,Code,1,Single,Experimental,,
5343225,Code,1,Single,Experimental,,
ed768d0c70fd92522880,Code,4,Siblings,Experimental,,
3841484,Code,1,Single,Experimental,,
5233931,Note;Data,1,Single,Experimental,,
5463616,Note,1,Single,Experimental,,
6625140,Code,1,Single,Experimental,,
3558904,Note;Data,1,Single,Experimental,,
3102962,Code,1,Single,Experimental,,
0fe0a5eb9c7504ead53c,Code;Command,1,Single,Experimental,,
8208995,Note;Non-technical,1,Single,Non-technical,,
7310374,Note;Log,1,Single,Log,,
2036103,Code,1,Single,Experimental,,
5724090,Code,1,Single,Experimental,,
5813836,Code,1,Single,Experimental,,
5812337,Code;Fragment;Template,1,Single,Experimental,,
5609319,Code,1,Single,Experimental,,
8030166,Code;Template,1,Single,Experimental,,
3718344,Code,1,Single,Experimental,,
5237882,Note,1,Single,Notes,,
8413175,Code,1,Single,Experimental,,
331032,Note;Log,1,Single,Log,,
9620236,Code,1,Single,Experimental,,
61168,Note,1,Single,Experimental,,
5685486,Code;Fragment,1,Single,Experimental,,
5353177,Code;Class,1,Single,Experimental,,
9891136,Note;Data,1,Single,Notes,,
1124518,Code,2,Siblings,Experimental,,
6846039,Code;Command,1,Single,Experimental,,
6129136,Code,1,Single,Experimental,,
9727799,Code,1,Single,Experimental,,
3148377,Code,2,Generation,Experimental,,
4698812,Code;Fragment,1,Single,Experimental,,
5152905,Code,1,Single,Experimental,,
1820875,Note;Data,1,Single,Experimental,,
4166684,Note;Data,1,Single,Experimental,,
6c8a42ad78378066a7b7,Code;Note;Data,6,Reference,Experimental,,
1095090,Code,1,Single,Experimental,,
2231226,Code,1,Single,Experimental,,
4276903,Code,1,Single,Experimental,,
735878,Code,6,Single,Experimental,,
725010,Code,1,Single,Experimental,,
2572560,Code,1,Single,Experimental,,
88af24e81be855ba6ecd,Code;Fragment,1,Single,Experimental,,
3458748,Code,1,Single,Experimental,,
2763195,Code,1,Single,Experimental,,
1368463,Note;Data,1,Single,Experimental,,
6772441,Code,1,Single,Experimental,,
297230,Code,1,Single,Experimental,,
2882895,Code;Fragment,2,Reference,Experimental,,
9982871,Code,1,Single,Experimental,,
1623712,Code,1,Single,Experimental,,
5094046,Code,2,Siblings,Experimental,,
9400324,Code;Fragment,1,Single,Experimental,,
1711374,Code,1,Single,Experimental,,
2703948,Code,1,Single,Experimental,,
5725412,Code,1,Single,Experimental,,
5436380,Note,1,Single,Notes,,
5017523,Code;Function,1,Single,Experimental,,
9108556,Note;Data,2,Siblings,Experimental,,
6668921,Code;Template,2,Reference,Experimental,,
9123038,Note;Non-technical,1,Single,Non-technical,,
5766944,Code;Log,1,Single,Notes,,
1730737,Code,1,Single,Experimental,,
6654893,Code,3,Reference,Experimental,,
2973296,Code,2,Reference,Experimental,,
2921216,Note,1,Single,Notes,,
4976478,Code;Command,1,Single,Experimental,,
2854143,Code;Log,3,Reference,Experimental,,
